page range,blogpost title,daf yomi start date
Berakhot 4a,"Appendix 3 - David’s “Piety” in Psalms 119 as Discipline, Humility, and Legal Labor",10-Jun-2027
Berakhot 6a,"Appendix 2 - Demons as Invisible, Ubiquitous Agents of Harm, and Techniques for Detecting and Seeing Demons",12-Jun-2027
Berakhot 7a,"The Daily Moment of Divine Anger: Timing, Restraint, and Repentance",13-Jun-2027
Berakhot 7a-b,"Talmudic Theodicy: Moses’ Requests, Divine Responses, and the Mystery of Divine Justice",13-Jun-2027
Berakhot 10a,Appendix - Juxtaposition as Justification: David’s Flight from Absalom and Saul,16-Jun-2027
Berakhot 10a-b,Hezekiah’s Illness and Isaiah’s Visit in Isaiah 38: A Clash of Piety and Prophecy,16-Jun-2027
Berakhot 16b-17a,"Prayer, Poetry, and Ethics: A Journey Through Seventeen Talmudic Prayers and Ethical Teachings",22-Jun-2027
Berakhot 18b,Appendix - Agricultural Foreknowledge From the Dead: A Pious Man Learns Seasonal Decrees of Hail and Blight by Overhearing Spirits in a Cemetery,24-Jun-2027
Berakhot 18b,Between Heaven and Earth: The Tale of Shmuel and the Orphans’ Money,24-Jun-2027
Berakhot 27b-28a,"Power, Pedagogy, and Internal Rabbinic Politics: The Deposition of Rabban Gamliel, the Appointment of R' Elazar ben Azarya, and Eventual Reconciliation",3-Jul-2027
Berakhot 30a,Appendix: From the Diaspora to the Holy of Holies – The Seven Levels of Prayer Focus,6-Jul-2027
Berakhot 31b,R’ Yehoshua ben Levi - Prayer Space and Physical Presence: one may not sit within 4 cubits of someone praying - I Samuel 1:26,7-Jul-2027
Berakhot 32b,Appendix - The Magnitude of Creation: God's Declaration to Israel of the Vast Celestial Order,8-Jul-2027
Berakhot 35a,R’ Akiva - Blessings Before Consumption - Leviticus 19:24,11-Jul-2027
Berakhot 44a,Abundance in Ancient Israel: Talmudic Accounts of Extraordinary Fruits and Families,20-Jul-2027
Berakhot 46b,Appendix 3 - Mar Zutra’s Prayer in Response to Tragedy: Acknowledging Divine Justice and Seeking Restoration,22-Jul-2027
Berakhot 47b,Appendix 1: Definitions of Am Ha’aretz; Rami bar Ḥama’s Assessment of Rav Menashya bar Taḥlifa as an Am Ha’aretz and Its Deadly Consequences,23-Jul-2027
Berakhot 51a,10 to 11 Things Said About the Cup of Blessing,27-Jul-2027
Berakhot 54a,From Animal Attacks to Biblical Miracles: Blessings at the Sites of Supernatural Rescues,30-Jul-2027
Berakhot 54a-b,"Crushed Amorites, Suspended Hailstones, and the Defeat of the Giant Og: Talmudic Accounts of Biblical Triumphs Over Enemies",30-Jul-2027
Berakhot 54b,"Gratitude After Adversity: The Obligation of Thanksgiving for Seafarers, Desert Travelers, the Recovered, and the Freed, Rooted in Psalm 107",30-Jul-2027
Berakhot 54b,Appendix: Vulnerability and Longevity: Rav Yehuda's Teachings on Protection and Life-Extending Practices,30-Jul-2027
Berakhot 55a,10 to 11 Things That Cause Hemorrhoids,31-Jul-2027
Berakhot 55b,Rituals for Favorable Dream Manifestation and Protection from the Evil Eye,31-Jul-2027
Berakhot 55b,Appendix - Timing the Disclosure of Illness to the Public: Balancing Avoiding Bad Luck and Harnessing Public Sympathy and Schadenfreude,31-Jul-2027
Berakhot 56a-b,‘All Dreams Follow the Mouth’: Bar-Haddaya’s Fee-Driven Interpretations of the Dreams of Rava and Abaye,1-Aug-2027
Berakhot 56a-57b,"Selected Dream Interpretations, Especially Those Relating to Illicit Sex",1-Aug-2027
Berakhot 56b-57b,"Symbolism of Plants, Animals, Birds, and Nature in Talmudic Dream Interpretations: Over 40 Dream Elements and Their Meanings",1-Aug-2027
Berakhot 57a-b,"Symbolism of Actions, Biblical Kings, Biblical Books, and Tanaitic Sages in Talmudic Dream Interpretations: Over 50 Dream Images and Their Meanings",2-Aug-2027
Berakhot 57b,"Sensory Delights and Echoes of the Divine: The Talmud on Pleasures, Omens, Health and Microcosms",2-Aug-2027
Berakhot 57b,10 to 12 Things That Trigger a More Severe Relapse in a Recovering Patient,2-Aug-2027
Berakhot 57b-58a,"From Babylon’s Ruins to Jewish Multitudes: Talmudic Blessings for Idolatry, Crowds, and Leadership",2-Aug-2027
Berakhot 58a,"Earthly and Divine Majesty: Encounters with Kings, Justice, and the Reflection of Heaven on Earth",3-Aug-2027
Mishnah Berakhot 9:2; Berakhot 58b-59a,Celestial Phenomena: Comets and Constellations in the Talmud,3-Aug-2027
Berakhot 58b and Moed Katan 16b,Unusual In His Skin: Talmudic Discourse on the Cushi and other Types of People With Notable Physical Appearances,3-Aug-2027
Berakhot 61a,R’ Yirmeya ben Elazar - God as Best Man at Adam’s Marriage: Social Deference and Initiative - Genesis 2:22,6-Aug-2027
Berakhot 61a-b,Appendix 1 - Organ Functions: A List of Thirteen Organs and Their Functions,6-Aug-2027
Berakhot 61b-62b,"Demons, Direction, and Decorum: A Talmudic Approach to Hygiene and Outhouse Use",6-Aug-2027
Berakhot 63b,The Four Sermons of the Mid-Second Century Sages in Yavne: On Hospitality (Xenia) and the Honor of Torah Sages,8-Aug-2027
Berakhot 64a,Appendix 3: Patience and Destiny in Leadership: Rabba and Rav Yosef,9-Aug-2027
Shabbat 11a; Berakhot 17a; Moed Katan 25b,Even if all the seas would be ink: Further Poetry of the Talmud,19-Aug-2027
Shabbat 25b-26a,"Rituals, Riches, and a Deadly Deception: Shabbat Preparations, the Definitions of ‘Goodness’ and ‘Wealth,’ and the Collection of Balsam and Murex",2-Sep-2027
Shabbat 30a,"Debating With the Temple’s Gates: The Dramatic Story of Solomon’s Temple Dedication, based on 1 Kings 8 and Psalms 24:7-10",7-Sep-2027
Shabbat 30b,The Biblical Books Nearly Suppressed: Reconciling Contradictions in Ecclesiastes and Proverbs,7-Sep-2027
Shabbat 30b and Moed Katan 17a-b,Explosive Endings: Two Talmudic Tales of Supernaturally Killing Via Explosion,7-Sep-2027
Shabbat 31a,"Hillel’s Three Converts: Lessons in Patience, the Oral Torah, and the Golden Rule",8-Sep-2027
Shabbat 31a,Hillel vs. the Heckler: A Friday Afternoon Challenge to Hillel’s Composure and Physical Anthropology in the Talmud,8-Sep-2027
Shabbat 31a,Appendix: The Six Orders of the Mishnah and the Six Questions Asked in Divine Judgment,8-Sep-2027
Shabbat 32b-33a,"‘Due to Sin [X], Occurs [Y]’: Divine Justice and Human Responsibility for Suffering and Death",9-Sep-2027
Shabbat 33a-b,"Bodily Afflictions and Illnesses as Signs of Sin: Wounds, Edema (Hidrokan), and Diphtheria (Askara)",10-Sep-2027
Shabbat 33b,"Appendix 2 - The Price of Speech: R' Yehuda, R' Yosei, and R' Shimon's Fateful Debate on Roman Rule",10-Sep-2027
Shabbat 33b-34a,"R’ Shimon’s Flight from the Romans, Hiding, and Return: A Story of Persecution, Miracles, and Retribution",10-Sep-2027
Shabbat 36a,"Five Word Pairs That Underwent Semantic Shift In Late First Century CE According to the Talmud: Trumpet/Shofar, Willow, Table, Animal Stomach, and Babylon/Borsippa",13-Sep-2027
Shabbat 51b,Levi’s Lesson: The Importance of Proper Feed Over Breed in Donkey Performance,28-Sep-2027
Shabbat 53b,"Sustenance and the Strange: Grotesque Talmudic Accounts of Miracles, Deformity, and Domestic Survival",30-Sep-2027
Shabbat 55a,Divine Symbols and Historical Shifts: The Significance of the ‘Tav’ Mark in Ezekiel and the Precise Moment of the Patriarchs' Merit's End,2-Oct-2027
Shabbat 55b-56a,‘Whoever says that [X] sinned is mistaken’: Reinterpretations of Sins In Defense of the Biblical Righteous,2-Oct-2027
Shabbat 56b,Appendix - Solomon and Josiah Didn’t Sin,3-Oct-2027
Shabbat 62b-63a,"Perfume, Pleasure, and Moral Decay in Late First Temple Samaria and Jerusalem: Interpretations of Amos 6 and Isaiah 3",9-Oct-2027
Shabbat 65a,Appendix - Shmuel’s father’s strict practices for his daughters,12-Oct-2027
Shabbat 77b,“Asking Anything in the Entire World”: A Talmudic Sugya of Zoological Questions and Intuitive Etymologies of Aramaic Words,24-Oct-2027
Shabbat 77b,Appendix 2 - Animal-Based Natural Remedies and Weak Creatures That Intimidate the Mighty,24-Oct-2027
Shabbat 86b-87a,"The Giving of the Torah in Exodus 19: Timing, Preparation, and Moses' Bold Decisions",2-Nov-2027
Shabbat 87b = Seder Olam Rabbah Chapter 7,Appendix - Ten “Firsts” on the Day of the Tabernacle Inauguration in Exodus 40:17 -,3-Nov-2027
Shabbat 88b,"Appendix 2 - Traits of the Righteous: “Those insulted but do not retaliate, who love and rejoice in suffering, are like the sun in its strength” - Judges 5:31",4-Nov-2027
Shabbat 88a-89a,"Conditionality of Creation, Crowns, and Commitment: the Cosmic Significance of the Giving of the Torah and the Revelation at Sinai",4-Nov-2027
Shabbat 88b-89a,Humanity's Deserving of the Torah on Trial: Moses Convincingly Argues That the Ten Commandments Are Irrelevant For Angels,4-Nov-2027
Shabbat 104a,“The likes of which were not said even in the days of Yehoshua bin Nun”: Talmudic Homiletics on the Hebrew Alphabet,20-Nov-2027
Shabbat 104b,"Jesus’ parents: Stada, Pandeira, and Mary",20-Nov-2027
Shabbat 105a,‘Where in Scripture is Notarikon Found?’: Talmudic Interpretation of Biblical Words as Acronyms,21-Nov-2027
Shabbat 108a,"Rav’s Arrival in Babylonia, Karna’s Test, and Shmuel’s Remedy: A Tale of Testing Scholarship and Curses",24-Nov-2027
Shabbat 108b-109a,"A Sugya of Talmudic Medicine, with Historical, Linguistic, and Botanical Notes",24-Nov-2027
Shabbat 109b-110a,"Dealing with Dangerous Snakes: Swallowing, Bites, Pursuits, and Attacks",25-Nov-2027
Avodah Zarah 27b; Shabbat 109b-110a,Of Serpents and Sages: The Stories of the Snakebite Deaths of Ben Dama and the Pumbedita Official,16-Dec-2032
Shabbat 113b-114a,"Book of Ruth 2-3 Through Talmudic Eyes: Intelligence, Modesty, and Davidic Descendants",29-Nov-2027
Shabbat 115a,Appendix 2 - The Story on the Temple Mount of Rabban Gamliel and the Aramaic Translation of Job,1-Dec-2027
Shabbat 116a-b,A Talmudic Story Mocking a Corrupt Christian Philosopher,2-Dec-2027
Shabbat 118a-b,"Shabbat Observance and Its Rewards: ‘Oneg Shabbat’, Forgiveness, Protection from Exile, and Redemption",4-Dec-2027
Shabbat 118b-119b,The Shabbat Preparations of Babylonian Rabbis,4-Dec-2027
Shabbat 118b,Fifteen Sequential Reflections of Rabbi Yosei on His Life and Values: Aspirations and Personal Conduct in His Own Words,4-Dec-2027
Shabbat 121b,"To Kill or Not to Kill: Scorpions, Snakes, and Other Dangerous Creatures on Shabbat",7-Dec-2027
Shabbat 127b,Judging favorably (‘Dan LeKaf Zechut’): Three Talmudic Anecdotes,13-Dec-2027
Shabbat 133b,"Appendix 2 - Aesthetic Performance of Mitzvot: An Exhortation to Beautify the Ritual Items of Sukkah, Lulav, Shofar, Tzitzit, and Torah Scroll",19-Dec-2027
Shabbat 134a,"Neonatal Care and Conditional Circumcision: Medical Observation, Harm Prevention, and Maternal Expertise",20-Dec-2027
Shabbat 134b-135a,Exceptions from circumcision on Shabbat,20-Dec-2027
Shabbat 138b,"Appendix 1 - The Sages of Yavne and the Foretold Intellectual Famine: Loss of Halakha, Messianic Knowlege, and Prophecy",24-Dec-2027
Shabbat 140b,A Sequence of Twelve Statements of Practical Advice to Young Yeshiva Students by Rav Ḥisda,26-Dec-2027
Shabbat 145b,Why Are Babylonian Birds Fat? Eretz Yisrael Amoraim Probe the Seemingly Superior Babylonia,31-Dec-2027
Shabbat 149a,Appendix 2 - Prohibitions on Reading Inscriptions and Gazing at Idolatrous Images: Shabbat Restrictions and the Ban on Looking at Pagan Statues,4-Jan-2028
Shabbat 149b-150a,'That Wicked One': A Grotesque Talmudic Portrait of Nebuchadnezzar Based on the Parable against the King of Babylon in Isaiah 14,4-Jan-2028
Shabbat 152a,Snowy Mountains and Three Legs: Aphorisms and Metaphorical Portraits of Aging in the Talmud,7-Jan-2028
Shabbat 152a,From Eunuch-ville to Bald-town: A Eunuch and R' Yehoshua the Bald Trade Insults Over Physical Shortcomings,7-Jan-2028
Shabbat 156a,Astrological Destinies in the Talmud: Influence of Birth Timings on Character,11-Jan-2028
Shabbat 156b,"Stars, Serpents, and Salvation: Three Talmudic Tales of Astrological Fate and Divine Intervention",11-Jan-2028
Eruvin 13a,The iron sulfate (Kankantom) Controversy: R’ Meir Between R’ Akiva and R’ Yishmael,24-Jan-2028
Eruvin 19a,Appendix 2 - The Dynamics of Sinners and Divine Punishment,30-Jan-2028
Eruvin 19a,"Mapping the Afterlife: The Locations of the Entrances to Gehenna and the Garden of Eden, and the Names of Gehenna",30-Jan-2028
Eruvin 41b,"Appendix 2 - Extreme Poverty, Intestinal Illness, and Other Causes of Distress and Their Implications: Perspectives on Overwhelming Forces, Exemption from Gehenna, and Sudden Death",21-Feb-2028
Eruvin 53a,From Broad Doorways to Needle's Eye: Generational Decline in Wisdom According to the Talmud,4-Mar-2028
Eruvin 53a-b,"From Mnemonics to Miscommunication: A Talmudic Comparative Study of Judean and Galilean Aramaic Speech, Torah Study Methods, and Sociolinguistics",4-Mar-2028
Eruvin 53b,"Clever Speech: Seven Talmudic Riddles, Rebuses, and Bilingual Wordplays",4-Mar-2028
Eruvin 53b,Wisdom from the Margins: Clever Women and Children in Talmudic Tales,4-Mar-2028
Eruvin 64b-65a,"Bread, Vows, Witchcraft, and Intoxication: Insights from Rabban Gamliel's Journeys",15-Mar-2028
Pesachim 7b-8a,Searching for Leaven with Lamps: Symbolism and Function in Bedikat Ḥametz,1-May-2028
Pesachim 35b-37b,‘Leḥem Oni’ vs. Luxury: ‘The Bread of Affliction’ and the Halakhic Boundaries of Passover Matza,29-May-2028
Pesachim 49b,"Rabbinic Elitism and the Am Ha’aretz: Hierarchy, Hostility, Hatred, and Distrust",12-Jun-2028
Pesachim 54a,"10 to 13 Things Created on Friday Afternoon at the Close of the Six Days of Creation, Just Before Shabbat",17-Jun-2028
Pesachim 54a,"Seven things were created before the world itself: Torah, repentance, Eden, Gehenna, God’s throne, the Temple, and the name of the Messiah",17-Jun-2028
Pesachim 54b,List of 7 Types of Info Withheld From Human Awareness,17-Jun-2028
Pesachim 54b,3 to 4 Things That Entered God's Mind to Create,17-Jun-2028
Pesachim 62b,“Teach me the Book of Genealogies”: Anecdote of R' Simlai and R' Yoḥanan,25-Jun-2028
Pesachim 64b,"Crowds, Crushes, and Censuses: Talmudic Historical Anecdotes of The Pilgrimage to Jerusalem for Passover in the Late Second Temple Period",27-Jun-2028
Pesachim 87b,The Divine Providence of Galut: A Talmudic Perspective on the Jewish Diaspora As A Shield Against Genocide of the Jewish Nation,20-Jul-2028
Pesachim 94b,Two Fundamental Debates in Astronomy between Jewish and non-Jewish Scholars,27-Jul-2028
Pesachim 107b-108a,Appendix 2 - Debates on Eating and Appetite on Passover Eve,9-Aug-2028
Pesachim 110a-b,"Perilous Pairs: More on the Dangers of Pairs, Demons, and Witchcraft",12-Aug-2028
Pesachim 110b and Sanhedrin 67b,"Pairs, Planks, and Potions: Three Talmudic Tales of Witchcraft",12-Aug-2028
Pesachim 111b,"Demon-Infested Shadows: Sorb Trees, Amulets, and Exorcism",13-Aug-2028
Pesachim 112a-114a,Rabbinic Advice: Practical Guidance from the Talmud,14-Aug-2028
Pesachim 113b,"Lives, Loves, and Hatreds: Psychological and Social Commentary on Human Behaviors, Group Dynamics, and Animal Traits",15-Aug-2028
Pesachim 117a,Expressions of praise in the Book of Psalms and the Origin of the Hallel Prayer,19-Aug-2028
Pesachim 117a,"Appendix 1 - Linguistic Debates Over the Word ""Halleluya"" and Related Theophoric Words",19-Aug-2028
Pesachim 118a-b,"Hallel: Scope, Significance, and Related Aggadic Teachings",20-Aug-2028
Pesachim 118a-b,"Gabriel Saving Biblical Figures from Furnaces: Abraham from Nimrod’s Furnace, and Hananiah, Mishael, and Azariah from Nebuchadnezzar’s Furnace",20-Aug-2028
Pesachim 118b,Appendix - God’s Historical Collaboration with the Sea: from the Splitting of the Sea in Egypt to the Battle of Sisera,20-Aug-2028
Pesachim 119a,"Appendix - Rav Yehuda citing Shmuel - “All the silver and gold in the world”: The Historical Chain of Global Wealth Transfers, from Joseph to Rome - over the course of 14 steps and 1500 years",21-Aug-2028
Rosh Hashanah 11a-b,Tishrei or Nisan? A Core Tannaitic Dispute on the Dating of Biblical Events - An Experiment in Formatting the Talmud As Footnotes to a Tannaitic Text,23-Mar-2029
Rosh Hashanah 11b-12a,Appendix 2 - Iyyar or Marḥeshvan? Dispute between R' Eliezer and R' Yehoshua Regarding the date of Noah’s Flood,23-Mar-2029
Rosh Hashanah 12a,Divergent chronological systems in Jewish and Non-Jewish traditions,24-Mar-2029
Rosh Hashanah 16b,Appendix - The Divine Books that Record Human Righteous and Sinful Activity,28-Mar-2029
Rosh Hashanah 22b,"“Once, the Boethusians tried to mislead the Sages”: The Story of a Double Agent Giving Fantastical Testimony of the New Moon",3-Apr-2029
Rosh Hashanah 23a,"6,000 Men and a Sunken Ship: The Talmud's Curious Chronicle of the Roman Method of Coral Harvesting",4-Apr-2029
Rosh Hashanah 25a,"Sanctifying the Moon: Tales of Rabban Gamliel’s Ancestral Traditions, Dirt-Throwing, and a Message About the Enduring King David",6-Apr-2029
Rosh Hashanah 26a-b,A Sequence of Eleven Stories of Talmudic Rabbis as Empirical Linguists,7-Apr-2029
Yoma 9b,“My God! I hate you”: Reish Lakish and R' Yoḥanan on the Consequences of Babylonian Partial Aliyah During Ezra's Era,21-Sep-2028
Yoma 10a,The Talmudic Identifications of Some Nations and Cities in the Biblical Table of Nations in Genesis 10,22-Sep-2028
Yoma 19b-20a,"“Today is Yom Kippur, and several virgins had sex in Neharde’a”: Anecdotes of Sinning on Yom Kippur",1-Oct-2028
Yoma 20b-21a,"Tremendously Loud Sounds: Gabini's Cries, the Sun's Orbit, Rome's Crowds, and More",2-Oct-2028
Yoma 22b,"Counting Jews and Evaluating Kings: Saul, David, and Leadership in the Book of Samuel",4-Oct-2028
Yoma 28b,"Appendix 2 - ‘Yeshiva’ (formal Torah study) always existed - A List of 6 major periods and personalities from the Pentateuch: the Biblical Patriarchs, and in Egypt and in the Wilderness",10-Oct-2028
Yoma 35b,Appendix - Extravagant Priestly Garments and Their Limitations: R' Yishmael ben Pabi's Tunic and R' Elazar ben Ḥarsum's Transparent Tunic,17-Oct-2028
Yoma 35b,"Extreme Poverty, Wealth, and Attractiveness as No Excuse Not to Study Torah: The Examples of Hillel, Elazar ben Ḥarsum, and Joseph",17-Oct-2028
Yoma 38a,Guardians of Temple Incense: The Eutinas Clan and Their Secret Craft,20-Oct-2028
Yoma 38b,"Child Cannibalism in Classical Jewish Sources: The Story of Doeg, son of Joseph",20-Oct-2028
Yoma 39a-b,"Prophecy, Omens, and Miracles: Shimon HaTzaddik and the Foreshadowing of the Second Temple's Destruction",21-Oct-2028
"Genesis 4:7, 49:7; Exodus 17:9, 25:34; Deuteronomy 31:16; Yoma 52a-b",Appendix 3 - Indeterminate Verse Division and Interpretive Ambiguity: Five Ambiguous Verses in the Pentateuch,3-Nov-2028
Yoma 52b,Appendix 3 - The Concealing of the Ark and Other Temple Items,3-Nov-2028
Yoma 69b = Sanhedrin 64a,Taming the Fire and The Cost of Desire: The Dramatic Talmudic Story of the Quelling of Human Inclinations for Idolatry and Incest,20-Nov-2028
Yoma 74b-75a,"Bread in the Basket, Eyes on the Plate: Talmudic Psychology",25-Nov-2028
Yoma 75a-b,Meat at Night and Scheduled Eating,26-Nov-2028
Yoma 76b-77a,"Vision, Sin, and Judgment: Angelic Intervention and Ezekiel’s Temple Visions in Ezekiel 8 and 10",27-Nov-2028
Yoma 77a,"Heavenly Politics: Gabriel, Dubiel, and the Persian Tax Regime",28-Nov-2028
Yoma 83b,"The Purse, the Grave, and the Lentil: A Dramatic Talmudic Tale of Trust and Treachery",4-Dec-2028
Sukkah 4a-b,"Reconfiguring Space, Halakhic Thresholds, and Structural Validity: A Group of Laws Relating to the Maximum and Minimum Heights of a Sukkah",12-Dec-2028
Sukkah 28a,"Appendix - Hillel’s 80 students, and Rabban Yoḥanan ben Zakkai’s Encyclopedic Knowledge: A List of 11 Domains of Knowledge",5-Jan-2029
Sukkah 29a-b,Appendix 2 - Cosmic Consequences of Social Injustice and Arrogance,6-Jan-2029
Sukkah 29a-b,Solar eclipses occur due to four societal failures: failure to eulogize a chief justice; ignoring a betrothed young woman’s public cries (during rape); homosexuality; the simultaneous murder of two brothers,6-Jan-2029
Sukkah 34a,Appendix 2 - Willow: Arava vs. Tzaftzafa,11-Jan-2029
Mishnah Sukkah 3:5-7; Sukkah 34b-35a,From ‘Pitom’ to Pepper: Etrog Requirements and the Interpretation of ‘Pri Etz Hadar’,11-Jan-2029
Sukkah 48b; Sanhedrin 43a,"Joy, Waterskin, and Students of Jesus: Talmudic Wordplay on the Names of Heretics",25-Jan-2029
Sukkah 51b,"Basilica, Stoa, and Cathedra: A Historical and Linguistic Analysis of the Talmudic Passage on the Synagogue of Alexandria",28-Jan-2029
Sukkah 52a-b,The Evil Inclination (‘Yetzer HaRa’) and Human Moral Struggle,29-Jan-2029
Sukkah 52b,"Four Craftsmen, Seven Shepherds, and Eight Princes: Talmudic Identifications of Biblical Messianic Figures in Eschatological Prophecies",29-Jan-2029
Sukkah 53a,"Juggling, Acrobatics, and a Rigorous Schedule: Talmudic Stories from the Temple's Simchat Beit HaShoeivah",30-Jan-2029
Sukkah 49a; 53a-b,"King David, the Altar Drainpipes, and the Tehom: The Dramatic Tale of How He Nearly Unleashed a Global Flood but Successfully Averted It",26-Jan-2029
Beitzah 15b-16a,"Study, Eating, Divine Credit, and the Gifts of Shabbat and Holidays: R’ Eliezer’s Yom Tov Lecture, the Debate over Festival Joy, and the Economics of Sacred Time",16-Feb-2029
Beitzah 25b,Sages on Sedans: Anecdotes of Talmudic Personalities Being Carried on Litters,26-Feb-2029
Taanit 5a,From Agriculture to Cannibalism: Sequential Depletion of Edible Resources During the 7-Year Famine in II Kings 8:1,20-Apr-2029
Taanit 19b-20a,"Nakdimon ben Guryon, the Roman Hegemon, and the Water Loan Miracle in the Late Second Temple Period",4-May-2029
Taanit 20a,"Appendix - Three people had the sun altered on their behalf: Moses, Joshua, and Nakdimon",5-May-2029
Taanit 21b-22a,Heavenly Greetings: The Righteousness of a Bloodletter,6-May-2029
Taanit 22a,Our Man of Bei Lapat: The Tale of The Prison Warden of Khuzistan,7-May-2029
Taanit 23b-24a,"Supernatural Fruit and Fatal Beauty: R' Yosei of Yokrat, the “merciless” sage who wished his son and daughter to die",8-May-2029
Taanit 24a-b,From Desperation to Downpour: Talmudic Stories of Rainmaking,9-May-2029
Taanit 27a-b,"The Temple’s Priestly and Non-Priestly Divisions: Their Formation, Function, and Revival From Moses to the Second Temple",12-May-2029
Taanit 28a,Clans Who Brought Wood to the Second Temple in Secret: Stories of Subterfuge Under Foreign Religious Persecution,13-May-2029
Taanit 29a,The Origins of Tisha B’Av and the Chronology of Numbers 10-14: the Date of the Destructions of the Both Temples and the Biblical Spies Episode,14-May-2029
Taanit 29a,“The Man with the Nose is Wanted”: The Talmudic Story of Tineius Rufus and Rabban Gamliel,14-May-2029
Taanit 29a,Historical Puzzles and Possible Interpretations of the Encounter Between 'Turnus Rufus' and 'Rabban Gamliel' in the Talmud,14-May-2029
Taanit 30a,"Appendix - Prohibited Activities on Tisha B'Av, Including Restrictions on Torah Study",15-May-2029
Megillah 3a,"Appendix 3 - Onkelos’ Aramaic Translation of the Torah (=Pentateuch), and the Dramatic Story of Yonatan ben Uzziel’s Aramaic Translation of the the Prophets Section of the Bible",18-May-2029
Megillah 6a-b,Mapping Roman-Era Eretz Yisrael: From Biblical Place-Names to the Powers of Edom,21-May-2029
Megillah 7a-b,"Purim Food Obligations: ‘Mishloach Manot’, Gifts to the Poor, Feasting, and Intoxication",22-May-2029
Megillah 9a-b,"72 Translators, 15 Alterations: the Greek Translation of the Torah Commissioned by King Ptolemy",24-May-2029
Megillah 10b,‘And it Came to Pass’: The Ominous Implication of “Va-Yehi” in Biblical Narratives,25-May-2029
Megillah 10b,"Appendix 2 - Additional Traditions of R’ Levi: Lineage, Modesty, and Miracles in Genesis 38, Isaiah 1 and I Kings 6",25-May-2029
Megillah 10b-11a,Thematic Introductions to the Book of Esther in the Talmud,25-May-2029
Esther 1:1; Megillah 11a-b,Ahasuerus and the Kingship of the World,26-May-2029
"Esther 1:2, Jeremiah 29:10, Daniel 9:2; Megillah 11b-12a","Chronology, Calculations, and Royal Reigns: The 70 Years of Babylonian Exile Between the First and Second Temples",26-May-2029
Megillah 14a-b,The Seven Prophetesses of Israel,29-May-2029
Megillah 15a,"Biblical Women of Exceptional Sexual Appeal: Rahab, Yael, Abigail, and Michal",30-May-2029
Megillah 15b,"Appendix - Divine Reward, Spiritual Discipline, and the Merit of Torah Study in the Future Judgment - Isaiah 28:5-7",30-May-2029
Esther 6:11-12; Megillah 16a,The Humiliation of Haman: The Dramatic Talmudic Elaboration of the Biblical Verse of Haman Carrying out King Ahasuerus's Orders to Honor Mordecai,31-May-2029
Megillah 24b,"Appendix 1 - Blindness, Perception, and Indirect Benefit From Light",8-Jun-2029
Mishnah Megillah 4:7; Megillah 24b,"Leading Communal Prayer: Disqualification Due to Appearance, Pronunciation, and Disability",8-Jun-2029
Mishnah Megillah 4:8-9; Megillah 24b-25a,"Policing Communal Worship: Form, Language, and the Boundaries of Legitimate Prayer",8-Jun-2029
Mishnah Megillah 4:10; Megillah 25a-b,"Public Bible Reading, Translation, and Decorum: Regulating Sensitive Scripture in the Synagogue",9-Jun-2029
Megillah 28b,Appendix - The Prohibition of Using Torah and Torah Scholars for Personal Benefit,12-Jun-2029
Moed Katan 9a-b,Two Talmudic Stories of Cryptic Blessings and Their Interpretation,24-Jun-2029
Moed Katan 9b,From Kohl to Lime: A Talmudic Discussion of Cosmetics and Hair Removal,24-Jun-2029
Moed Katan 16a-b,From Admonishment to Excommunication: The Talmudic Laws of Ostracism,1-Jul-2029
Moed Katan 17a,The Laughing Sage and the Stung Scholar: The Story of the Osctracism of the Rabbi With the Bad Reputation,2-Jul-2029
Moed Katan 20a,Mourning Practices for Distant Relatives: Guidance from Rav Ḥisda and Rava,5-Jul-2029
Moed Katan 25b,A Cycle of Five Elegeic Poems in the Talmud,10-Jul-2029
Lamentations 1:1-5; Moed Katan 26a,Jehoiakim's Arrogance: Rejecting the Warnings of Lamentations and Burning Its Names of God,11-Jul-2029
Moed Katan 25b-26a,Appendix 2 - The Obligation to tear clothing in Mourning upon hearing bad news relating to Personal Loss and National Disaster,10-Jul-2029
Moed Katan 27b,"“Prepare shrouds for yourself"": Community Responsibility for a Corpse, and the Deadly Consequences of Excessive Mourning",12-Jul-2029
Chagigah 4b-5b,Three Stories: Mistaken Death Caused by the Angel of Death's agent; R' Yehoshua ben Ḥananya and a Heretic in Caesar’s Palace; and Rav Kahana’s Voyeuristic Eavesdropping on Rav,17-Jul-2029
Chagigah 12b-13a,"Talmudic Cosmology (Ma'aseh Bereshit): Earth's Foundations, the Seven Heavens, and Cosmic Dimensions",25-Jul-2029
Chagigah 13a-14a,"“Ma’aseh Merkava”: The Nature of God, Angels, and Heaven in Ezekiel 1",26-Jul-2029
Chagigah 14a,Isaiah’s Eighteen Curses and Categories of Torah and Torah Scholars: An Allegorical Reading of Isaiah 3:1-7,27-Jul-2029
Chagigah 14b-15a,"Annotated List of Talmudic Figures Known as 'Ben X' or 'Bar X,' and Stories of Ben Zoma",27-Jul-2029
Chagigah 15a-b,Aḥer’s Apostasy and Its Aftermath,28-Jul-2029
Chagigah 15b,The Legitimacy of Learning from Flawed Teachers: The Dilemma of R’ Meir Learning from Aḥer,28-Jul-2029
Chagigah 15b-16a,Appendix 1 - The Survival of R' Akiva in the Pardes,28-Jul-2029
Chagigah 16a,Appendix - The Dual Nature of Demons and Humans,29-Jul-2029
Chagigah 16a,"Appendix 2 - Three Dangerous Objects of Looking: a rainbow, a Nasi, and priests",29-Jul-2029
Yevamot 55b,What Counts as Sex? Defining the Beginning and Completion of Intercourse in the Talmud,2-Oct-2029
Yevamot 60b,Determining Which Midianite Women Were Killed in Numbers 31:17–18,7-Oct-2029
Yevamot 63b,"Preparing Her Mouth and ""Turning Her Back"": The Talmud on the “The Bad Wife”",10-Oct-2029
Yevamot 64b,"Stories of Marriage, Mortality, and Mishaps: The Talmud’s Views on Consecutive Calamities",11-Oct-2029
Yevamot 97b-98a,‘A Non-Jew Has No Father’: The Halachic Status of Convert Brothers and Their Wives in the Context of Levirate Marriage and Sexual Prohibitions,13-Nov-2029
Yevamot 121a-b,“Endless Water”: Eight Stories of Uncertain Drowning of a Husband in the Context of Remarriage,7-Dec-2029
Yevamot 121b-122b,"""Alas!"": Thirteen Additional Stories Regarding the Reliability and Validity of Testimony About a Husband’s Death in the Context of Remarriage",7-Dec-2029
Ketubot 7b-8a,Appendix - Blessings on Betrothal and Marriage,14-Dec-2029
Ketubot 8b,"Mourning Rituals and Communal Practices: Blessings, Wine, and Rabban Gamliel’s Burial Reform",15-Dec-2029
Ketubot 23a,Captivity and Purity: The Story of Shmuel’s Daughters,30-Dec-2029
Ketubot 27b,Burden of Proof: The Case of the Violent Mari bar Isak,3-Jan-2030
Ketubot 28b,Appendix - Child Testimony About Personal Status and Family Lineage,4-Jan-2030
Ketubot 60b,"Appendix 2 - R’ Meir’s Rule Requiring a Three-Month Waiting Period for Women Before Remarriage, Even When Pregnancy Is Impossible: A List of Eight",5-Feb-2030
Ketubot 60b,Appendix - Foods That Harm a Nursing Mother's Milk,5-Feb-2030
Ketubot 65a,"Wine, Women, and Widowhood: A Talmudic Exploration of Behavior and Stipends",10-Feb-2030
Ketubot 66b-67a,"“Gathering Barley from the Arabs' Animals' Dung"": The Dramatic Fall from Grace of Nakdimon ben Guryon’s Daughter",11-Feb-2030
Ketubot 69a-b,"“Huna, our friend, we wish you peace!”: The Story of a Tense Correspondence between Rav Anan and Rav Huna",14-Feb-2030
Ketubot 80a,The Case of the Husband’s Unreimbursed Travel Expenses and the Dinar Dispute,25-Feb-2030
Ketubot 85a,Avimi’s Debt Repayment Through Ḥama,2-Mar-2030
Ketubot 111a,R’ Ḥanina’s Rebuke: A Warning Against Leaving Eretz Yisrael for Levirate Marriage,28-Mar-2030
Ketubot 111a-b,"The Greatness of Residing in Eretz Yisrael, and the Future Messianic Resurrection",28-Mar-2030
Ketubot 111a-b,Appendix 1 - Rabba’s Brothers Advise Him in a Letter,28-Mar-2030
Ketubot 111b-112a,"Eretz Yisrael’s Miraculous Agricultural Fertility: Past, Present, and Future",28-Mar-2030
Ketubot 112a-b,"Appendix 2 - Anecdotes of rabbis’ immigration to Eretz Yisrael, and practices there",29-Mar-2030
Nedarim 20a-b,"Talmudic Perspectives on Marital Sex: Behaviors, Consequences, and Ethics",17-Apr-2030
Nedarim 22a,Ulla and the Gruesome Incident with the Khuzistanis: Murder on the Ascent to Eretz Yisrael,19-Apr-2030
Nedarim 25a,Appendix - Hyperbolic Vows and the Giant Snake in the time of King Shapur,22-Apr-2030
Nedarim 49b-50a,"Fingers, Forks, and Faces: Tales of R' Yehuda",16-May-2030
Nedarim 50b-51a,"R' Yehuda HaNasi and Bar Kappara: Talmudic Stories of Humor, Wealth, and Reflection",17-May-2030
Nedarim 50b,The Fatal Consequences of Disrespect and the Art of Medical Diagnosis: Two Talmudic Tales of Shmuel,17-May-2030
Nedarim 51a,"Wine, Wordplay, and Wedding Tensions: Bar Kappara’s Queries Regarding Biblical Denunciations and R' Yehuda HaNasi’s Unwilling Dance",18-May-2030
Nedarim 55a,"Dinars, Disputes, and Dilutions: Rava's Query and the Spark of a Scholarly Spat",22-May-2030
Nedarim 66a-b,Ugly Wives and Spiteful Husbands: Talmudic Farce in a Misogynistic Key,2-Jun-2030
Sotah 3b-4a,"Appendix - Minimum time needed for sex, in the context of Sotah: Nine Tanaitic opinions",2-Sep-2030
Sotah 9b-10a,"Stories of Samson in Judges 13-16: Strength, Sin, and Symbolism",8-Sep-2030
Sotah 10a,"Appendix - Five people were created with bodily traits resembling divine attributes, each was ultimately afflicted through that very body part: Samson - strength, Saul - neck, Absalom - hair, Zedekiah - eyes, and Asa - feet",9-Sep-2030
Sotah 10a-b,"Judah and Tamar in Genesis 38: A Story of Disgrace, Humility, and Salvation",9-Sep-2030
Sotah 10a-10b,Appendix 2 - Abraham’s Eshel in Beersheba in Genesis 21:33,9-Sep-2030
Sotah 10b-11a,"‘My Son Absalom!’: The Pride, Punishment, and Aftermath of Absalom in II Samuel 14-19",9-Sep-2030
Sotah 12a,From Azubah to Zohar: Reading Miriam and Caleb in the Genealogies of the Book of Chronicles,11-Sep-2030
Sotah 12b,Appendix 1 - The Incoherent Vision of Necromancers - Isaiah 8:19,11-Sep-2030
Sotah 13b-14a,The Death and Burial of Moses in Deuteronomy 31-34,12-Sep-2030
Sotah 14a,Appendix 1 - ‘Following God’ Through Emulation of His Attributes,13-Sep-2030
Sotah 33a = Tosefta 13:5,Appendix 1 - Bat Kol Announcing Military and Political Events: Yoḥanan the High Priest and Shimon HaTzaddik,2-Oct-2030
Sotah 33b,Appendix 2 - Refuting the Samaritans’ Bible “Alterations”: Elon Moreh and Shechem,2-Oct-2030
Sotah 33b-34a,The Miraculous Crossing of the Jordan River in Joshua 3-4,2-Oct-2030
Sotah 34b-35a,The Story of the Spies in Numbers 13-14 in the Talmud,3-Oct-2030
Sotah 36a-b,The Temptation and Trial of Joseph in Genesis 39: From Potiphar's House to the High Priest's Ephod,5-Oct-2030
Sotah 46b-47a,"Elisha Narratives in II Kings 2-8, From Failure to Accompany to Failure to Reprove Gently: Jericho’s Youths, Bethel’s Bears, Gehazi, and the Principle of Measured Rejection",15-Oct-2030
Gittin 31b-32a,Between Heat and Harvest: The Talmud on Winds and the Timing of Selling Agricultural Products,17-Nov-2030
Gittin 45a,Righteousness or Witchcraft? Rav Naḥman’s Daughters And The Captivity and Miraculous Escape of Rav Ilish,1-Dec-2030
Gittin 52a,"Appendix 2 - Anecdotes of Stewardship, Property Conversion, and Non-Intervention",8-Dec-2030
Gittin 55b-56a,Talmudic Stories Relating to the Destruction of the Second Temple,11-Dec-2030
Gittin 56a-b,From Nero to Titus: The Siege of Jerusalem and the Destruction of the Second Temple by the Romans in 70 CE in Talmudic Retelling,12-Dec-2030
Gittin 56b-57a,"Appendix 1 - Onkelos Consults Judaism’s Historical Enemies: Seeking Advice from the Dead Titus, Balaam, and Jesus on Judaism and Conversion",12-Dec-2030
Gittin 57a,"The Destruction of “King’s Mountain” (‘Tur Malka’): A Story of Custom, Rebellion, and Massacre",13-Dec-2030
Gittin 57a,Three Talmudic Stories about the Righteous Community of Kefar Sekhanya of Egypt,13-Dec-2030
"Gittin 57a, sections # 21-23",Appendix - The Beitar Massacre,13-Dec-2030
Gittin 57b-58a,"Rome’s Hands, Jacob’s Voice: A Talmudic Lament Over the Destruction",13-Dec-2030
Gittin 59a,"Moses, R' Yehuda HaNasi, and Rav Ashi: The Pinnacles of Torah and Secular Authority",15-Dec-2030
Gittin 67b-68a,Hostile Hospitality: Confrontations Between the Exilarch’s Retinue and Talmudic Sages,23-Dec-2030
Gittin 68a-b,"Solomon, Ashmedai, and the Shamir: Demonology, Temple-Building, and the Reversal of Royal Power",24-Dec-2030
Gittin 69a-b,The Talmudic Sugya of Remedies,25-Dec-2030
Gittin 70a-b,"Sex, Bloodletting, Travel, and Other Dangerous Activities",26-Dec-2030
Gittin 88a,Appendix 2 - Seven Wicked Israelite Dynasties (Northern Kingdom) and the Assyrian Conquest,13-Jan-2031
Kiddushin 29b-30b,"Torah Study, Marriage, and Parental Obligation: Priorities, Ages, and the Torah as Antidote to the Yetzer Hara",12-Feb-2031
Kiddushin 39b-40a,Tales of Temptation: Sages' Encounters with Roman Noblewomen,22-Feb-2031
Kiddushin 49a-b,"‘On Condition That I Am [X]’: Talmudic Definitions of Learning, Strength, Wealth, and Character",4-Mar-2031
Kiddushin 49a,Betrothal on condition of Bible or Mishnah literacy and study,4-Mar-2031
Kiddushin 49b,Appendix 1 - Talmudic Stereotypes: A List of 14 groups and their stereotypical character traits,4-Mar-2031
Kiddushin 70a,"Tainted Lineage, Lost Wealth, and Divine Judgment: The Consequences of Unsuitable Marriages",25-Mar-2031
Kiddushin 70a-b,"Rav Yehuda vs. Rav Naḥman: A Talmudic Clash Over Speech, Social Status, and Slavery",25-Mar-2031
Kiddushin 70b,"Appendix - Proclamations of Rav Yehuda, Rava, and Rav Yosef Regarding Flawed Lineage; and the Legacy of Pashḥur ben Immer’s Slaves",25-Mar-2031
Kiddushin 71b-72a,"Talmudic Jewish Geography: The Boundaries of Babylonia, Lineage Purity, and the Cities of the Ten Lost Tribes",26-Mar-2031
Kiddushin 72a,"Appendix #2a - Bear-Like Persians and Other Cultural Metaphors: Perspectives on Nations, Magi, and Babylonian Torah scholars",27-Mar-2031
Kiddushin 72b,Appendix #2b - Continuity of Righteous Leaders: The Principle of Succession Among Sages,27-Mar-2031
Bava Kamma 59a-b,“Are you Important Enough to Mourn over Jerusalem?!”: Eliezer the Small’s Imprisonment by the Exilarch's Officials for Publicly Mourning the Destruction of Jerusalem,3-Jun-2031
"Mishnah Bava Kamma 7:7; Talmud Bavli, Bava Kamma 79b","Appendix 2 - Restrictions on raising animals in Eretz Yisrael, especially sheep and goats",23-Jun-2031
Bava Kamma 117a-b,"Rav Kahana vs. R’ Yoḥanan, Babylonia vs. Eretz Yisrael: Rav Kahana’s Flight, Resurrection, and Recognition",31-Jul-2031
Bava Metzia 59a-b,"‘The Oven of Akhnai’: Disputation, Miracles, Ostracism, and Disasters in a Foundational Talmudic Story",29-Sep-2031
Bava Metzia 83b-84a,"Thief-Catching, Corpulence, and Virility: Stories of R' Elazar ben Shimon and R' Yishmael ben Yosei",23-Oct-2031
Bava Metzia 84a,The Beauty and the Bandit: The Talmudic Tragedy of R' Yoḥanan and Reish Lakish,24-Oct-2031
Bava Metzia 84b-85a,R’ Elazar ben Shimon: His Life and Afterlife,24-Oct-2031
Bava Metzia 84b-85a,"Appendix 1 - R’ Yehuda HaNasi - There are three modest people: Rabban Shimon ben Gamliel, the Sons of Beteira, and Jonathan son of Saul",24-Oct-2031
Bava Metzia 85a,Appendix 2 - R’ Yehuda HaNasi’s suffering,25-Oct-2031
Bava Metzia 85b-86a,Exploring the Greatness of R' Hiyya,25-Oct-2031
Bava Metzia 86a,Sage on the Run: The Fleeing and Death of Rabba bar Naḥmani,26-Oct-2031
Bava Batra 3b-4a,"Herod, the Hasmonean Princess, and Bava ben Buta: Illegitimate Power, Rabbinic Prudence, and the Renovation of the Second Temple",30-Nov-2031
Bava Batra 4a,Appendix - Advising Wicked Rulers and Its Limits,1-Dec-2031
Bava Batra 14b-15a,Appendix - The Order and Authorship of Biblical Books,11-Dec-2031
Bava Batra 15a-b,When and Who Was Job? Talmudic Views on His Time Period and Identity,12-Dec-2031
Bava Batra 15b,Appendix 2 - R’ Yoḥanan - Job’s generation was sexually promiscuous (Job 27:12; Song of Songs 7:1),12-Dec-2031
Bava Batra 15b-16b,Book of Job in Talmudic Interpretation: Job's Contested Righteousness and Satan's Character,12-Dec-2031
Bava Batra 16a-b,‘Iyov’ (“Job”) or ‘Oyev’ (“Enemy”)? God's Precise Control of Nature and the Rhetorical Rebuttal of Job’s Accusation in Job 38-39,13-Dec-2031
Bava Batra 16b,R’ Yehuda HaNasi’s “false” consolation to his son upon the birth of a daughter,13-Dec-2031
Bava Batra 16b,"Esau’s Five Serious Sins on the Day of Abraham’s Death: Sex with a Betrothed Girl Murder, Denial of God and the Resurrection; Despising the Birthright",13-Dec-2031
Bava Batra 22a,“I punished him”: Anecdotes About the Life and Death of Rav Adda bar Abba,19-Dec-2031
Bava Batra 58a,R' Bena’a the Sage and Sleuth: Solving Two Mysteries and Rising to Judgeship,24-Jan-2032
Bava Batra 58a,"Ancient Burial Caves, Rankings of Beauty, and the Magus: Tales of R' Bena’a",24-Jan-2032
Bava Batra 73a-74a,"Talmudic Odyssey: Giant Creatures, Cosmic Wonders, and Other Tales",8-Feb-2032
Bava Batra 74b,"The Seven Seas and Four Rivers that Surround Eretz Yisrael, and Its Comparative Context",9-Feb-2032
Bava Batra 91b and 75b,“I remember”: Memories of the Olden Days of Galilean Cities - Tiberias and Tzippori,26-Feb-2032
Bava Batra 133b-134a,Stories of Disinheritance and Consecration to the Temple,8-Apr-2032
Bava Batra 145a-b,Further Experiments in Halachic Talmudic Sugya Layout: Wedding Gift Obligation Rules,20-Apr-2032
Bava Batra 145b,Appendix 2 - Temperaments that lead to Good and Bad lives,20-Apr-2032
Bava Batra 151a-b,Deathbed Gifts in Talmudic Law: Six Cases Ruled by Rav Naḥman,26-Apr-2032
Bava Batra 164b,Archons and Angles: A Talmudic Sugya on Greek Words,9-May-2032
Sanhedrin 5a,Rabbinic Roots: Unraveling the Family Tree of R' Ḥiyya and His Nephews,25-May-2032
Sanhedrin 10b-11a,"From Legal Procedure to Aggadic Pathos, Calendrical Courts to Emotional Self-Sacrifice: The Narrative Arc of a Talmudic Sugya",30-May-2032
Sanhedrin 12a,An Ancient Coded Letter Embedded in the Talmud,1-Jun-2032
Sanhedrin 17a,Moses’ Wilderness Lotteries and the Prophecy of Eldad and Medad in Numbers 3 and 11,6-Jun-2032
Sanhedrin 17a,The physical and intellectual qualifications for members of the Sanhedrin,6-Jun-2032
Sanhedrin 17b-18a,From Idlers to Judges: The Essential 120 Men and Infrastructure Essentials in the Ideal City,6-Jun-2032
Sanhedrin 21b-22a,The Evolution of Hebrew Script and Ezra’s Role in Torah Transmission,10-Jun-2032
Sanhedrin 22a,Appendix 1 - The Mysterious Writing on the Wall In Daniel 5: Various cryptographic possibilities of how it was written,11-Jun-2032
Sanhedrin 38a-39b,The First Man: Talmudic Reflections on Adam's Creation,27-Jun-2032
Sanhedrin 38b,Refuting Heresy: Talmudic Responses to Heretical Claims of Divine Multiplicity in Scripture,27-Jun-2032
Sanhedrin 38b-39a,"Defending God, Biblical Monotheism, and Jewish Distinctiveness: Twelve Dialogues Between Sages and Challengers in the Talmud",27-Jun-2032
Sanhedrin 43b-44b,"The Confession, Punishment, and Atonement of Achan in Joshua 7",2-Jul-2032
Sanhedrin 43a,Appendix 1 - The Irrevocability of Verdicts and the Metaphorical Burden on False Witnesses,2-Jul-2032
Sanhedrin 55b = Niddah 44b-45a / Mishnah Niddah 5:4-5,Legal Sexual Maturity: Girl - at age 3; Boy - at age 9,14-Jul-2032
Sanhedrin 73a,When Lethal Vigilante Force Is Justified: Halakhic Distinctions in Preventing Sexual and Violent Crimes,1-Aug-2032
Sanhedrin 90b sections # 3-6,Appendix 2 - The Prohibition Against Giving Teruma to an Am Ha’aretz Priest,18-Aug-2032
Sanhedrin 90b-91a,"Scripture, Logic, and Polemic: Proofs for the Principle of the Mass Resurrection of the Jewish Dead in the Future Messianic Era",18-Aug-2032
Sanhedrin 91a,’The Land of Canaan is Ours': Alexander the Great as Moderator of Territorial Claims on 'Canaan' by Africans and Arabs in the Talmud,19-Aug-2032
Sanhedrin 91a-b,Four Philosophical Dialogues Between R’ Yehuda Hanasi and the Roman Antoninus,19-Aug-2032
Sanhedrin 92b,Actual Resurrection or Allegory? The Valley of Dry Bones in Ezekiel 37 in the Talmud,20-Aug-2032
Sanhedrin 92b-93a,"Hananiah, Mishael, and Azariah and the Fiery Furnace in the Talmud: Aggadic Expansion of Daniel 3",20-Aug-2032
Sanhedrin 93a,Appendix 2 - Allegorical Reading of Zechariah’s Vision in Zechariah 1:8,21-Aug-2032
Sanhedrin 93a,"Roasted in Nebuchadnezzar’s Furnace: The Fall of Two Minor False Prophets and Joshua the High Priest, based on Jeremiah 29 and Zechariah 3",21-Aug-2032
Ruth 3:17; Sanhedrin 93a-b,"Appendix 2 - Ruth’s Six Descendants: David, the Messiah, Daniel, Hananiah, Mishael, and Azariah",21-Aug-2032
II Samuel 21:15-17; Sanhedrin 95a,"“One day David went falcon-hunting”: The Demilitarized, Rabbinized, and Enchanted Story of Avishai Saving David From Yishbi-benov",23-Aug-2032
Sanhedrin 96b,From Foes to Faithful: The Conversions of Israel's Historical Biblical Enemies and their Descendants,24-Aug-2032
Sanhedrin 96b-99a,The Messianic Era in the Talmud,24-Aug-2032
Sanhedrin 97a,Appendix 1 - The Story of Rav Tavut and the City Named “Truth” where even minor lies caused death,25-Aug-2032
Sanhedrin 97b,"Appendix 2 - The hierarchy of righteous people who perceive the Shekhina: row of the righteous before God extends 18,000 parasangs; 36 righteous people; 1,000 righteous people, or 100, or only 2",25-Aug-2032
Sanhedrin 97b-98a,Appendix 3 - Conditional vs. Unconditional Redemption: A Major Tannaitic Dispute Between R’ Eliezer and R’ Yehoshua,25-Aug-2032
Sanhedrin 98a,"Appendix 4 - Rabbi Yehoshua ben Levi meets the Messiah: Elijah’s directions to find the Messiah among the sick poor in Rome, the Messiah’s promise to come ‘today,’ and the conditional nature of that promise",26-Aug-2032
Sanhedrin 98a-b,"Appendix 5 - Rabbi Yosei ben Kisma’s prophecy: The sign of Rome’s gate falling three times before the Messiah comes, the Cave of Pamyas turning to blood, and his instructions for deep burial",26-Aug-2032
Sanhedrin 100b,The daughter as a “false treasure” at every stage of her life in the Book of Ben Sira,28-Aug-2032
Sanhedrin 101b-102a,"Pride, Idolatry, and the Rejection of Repentance: Talmudic Interpretations of the Wicked Biblical King Jeroboam",29-Aug-2032
Sanhedrin 102a-b,"Rebuking the Kings: Two Tales of Respect, Condemnation, and the Temptation of Idolatry in Amoraic Reflections on Biblical Monarchs With No Share in the World-To-Come",30-Aug-2032
Sanhedrin 103b,"Wicked Kings of Judah: Talmudic Insights into Idolatry and Atrocities by Ahaz, Manasseh, Amon, and Jehoiakim",31-Aug-2032
Sanhedrin 105b-106b,"The Prophet, the Prostitutes, and the Curses Reversed: The Biblical Story of Balaam in Numbers 23-25",2-Sep-2032
Sanhedrin 106b,The Wicked Doeg and His Relationship With David in 1 Samuel 21-22 and in Psalms,3-Sep-2032
Sanhedrin 107a,David and the Sin of Bathsheba in 2 Samuel 11-12 and in Psalms,4-Sep-2032
Sanhedrin 108a-b,"The Biblical Flood in Genesis 6-7: The Generation’s Sins, Noah’s Role, the Ark’s Construction, and the Survival of Animals",5-Sep-2032
Sanhedrin 108b,Appendix 3 - The Wicked Raven in Noah’s Ark,5-Sep-2032
Sanhedrin 108b-109a,From Dust to Swords: Linking Abraham’s Battle in Genesis 14 With Naḥum of Gimzo’s Mission to Rome,5-Sep-2032
Sanhedrin 109a-b,The Absurd and Brutal Practices of Biblical Sodom: A Talmudic Exploration,6-Sep-2032
Sanhedrin 109b-110a,"Wealth, Wives, and Punishment: The Story of Korah’s Rebellion Against Moses in Numbers 16",6-Sep-2032
Sanhedrin 113a-b,"Joshua’s Ban on Jericho, Hiel’s Losses, and Elijah’s confrontation with Ahab in 1 Kings 16-18",10-Sep-2032
Makkot 9b-10b,"Cities of Refuge: Geography, Access, Legal Procedure, and Theological Reflections",18-Sep-2032
Makkot 17a,‘Only Have a Child if He’ll Be Like R’ Shimon’: Literary Structure in R' Shimon’s Five Derivations of Temple Food Laws from Deuteronomy 12:17 - A Case Study,26-Sep-2032
Makkot 23b-24a,"Religious Initiative, Prophetic Distillation of Commandments, and the Endurance of Faith in Exile",2-Oct-2032
Shevuot 35a,Appendix - The Nine Sacred Names of God That Must Not Be Erased and the Ten Divine Descriptives Permitted to Erase,6-Nov-2032
Shevuot 35b-36a,"Divine Names, Oaths, and Curses: Erasure, Sanctity, and Speech",6-Nov-2032
Avodah Zarah 2a-b,Rome and the Final Judgment: The Messianic-Era Judgement Day in the Talmud and Rome's Role,21-Nov-2032
Avodah Zarah 3a,"Appendix - Non-Jewish Biblical Adversaries Who In the Future Messianic Judgement Day Will Affirm the Righteousness of Israel’s Patriarchs, Prophets, and the People in Their Fulfillment of the Torah",22-Nov-2032
Avodah Zarah 8a-b,"Kalenda, Saturnalia, and the First Winter: Pagan Festivals, Adam’s Cosmic Anxiety, and Rome’s Rise",27-Nov-2032
Avodah Zarah 8b-9a,Appendix - Chronology of Rulers over Eretz Yisrael during the Second Temple period,27-Nov-2032
Avodah Zarah 10a-b,Symbolic Dialogues and Strategic Counsel: Six Stories of Antoninus and R' Yehuda HaNasi,29-Nov-2032
Avodah Zarah 16b-17a,Roman Hegemon and Divine Judgement: R’ Eliezer’s Heresy Trial and a Teaching Attributed to Jesus on Using a Prostitute's Earnings to Fund a Temple Bathroom,5-Dec-2032
Avodah Zarah 17a,"Sex, Sin, and Salvation: Tamudic Tales of Controversially Kissing a Sister, Confession of Incest, and Encounters With Prostitutes",6-Dec-2032
Avodah Zarah 17b,"Three Charges, Many Miracles: The Trial of R’ Elazar ben Perata",6-Dec-2032
Avodah Zarah 18a,Destined for the World-to-Come: The Trial and Martyrdom of R’ Ḥanina ben Teradyon by Burning at the Stake,7-Dec-2032
Avodah Zarah 18a-b; Sanhedrin 11a; Kiddushin 81a,"R' Meir's Suspicious Brushes with Sexual Indiscretions, and His Encounters with Roman Troops, as Depicted in the Talmud",7-Dec-2032
Avodah Zarah 20b,R’ Pineḥas ben Ya’ir - The Ethical-Ascent sequence - 12 steps: Torah → vigilance → diligence → cleanliness → abstention → purity → piety → humility → fear of sin → holiness → Holy Spirit → resurrection of the dead - Deuteronomy 23:10,9-Dec-2032
Avodah Zarah 20a-b,Divine Beauty or Prohibited Gaze? The Talmud on Admiring Non-Jewish Women,9-Dec-2032
Avodah Zarah 26a-b = Tosefta Bava Metzia 2:13,"Appendix 3 - Treatment of Outsiders and Transgressors: Rules for Rescuing Non-Jews, Shepherds, Heretics, Informers, and Apostates",15-Dec-2032
Avodah Zarah 28a,Appendix - “Let Me Die with the Philistines”: Self-Sacrificial Violence and the Limits of Medical Trust on Shabbat,17-Dec-2032
Avodah Zarah 30a-31b,Uncovered Liquids and Ritual Boundaries: Gentile Wine and the Risk of Snake Venom,19-Dec-2032
Avodah Zarah 36b-37a,Impurity of a Non-Jewish Child Experiencing Ziva,25-Dec-2032
Avodah Zarah 39a,"Kosher Chronicles: Six Talmudic Tales of Fish, Spice, and the Quest for Techelet",28-Dec-2032
Avodah Zarah 44b,Appendix 1 - The Talmud on Whether Rabban Gamliel Deceived Proclus,2-Jan-2033
Avodah Zarah 54b-55a,Talmudic Apologetics: A Cycle of Dialogues with Roman Pagans Regarding God and Idols,12-Jan-2033
Avodah Zarah 65a,Rose Water and Decadence: Rava and the Pleasure-seeking Bar-Sheshakh,23-Jan-2033
Avodah Zarah 69b-70b,Permissibility of Jewish Wine in the Hands of Non-Jews: Ten Talmudic Cases Explored,27-Jan-2033
Horayot 10a-b,"‘When a King Sins’: Sin, Reward, and Responsibility in Talmudic Theology",12-Feb-2033
Horayot 11b-12a,Anointing Priests and Kings: The Miraculous Anointing Oil,13-Feb-2033
Horayot 13b,10 to 11 Things That Hinder Study,15-Feb-2033
Horayot 13b-14a,"Hierarchy, Honor, and Challenge: The Dramatic Story of Rabban Shimon ben Gamliel vs. R’ Meir and R’ Natan and Its Aftermath",15-Feb-2033
Horayot 14a,"Appendix 1 - Various intellectual strengths of scholars: “Sinai” (encyclopedic) vs “uproots mountains” (analytical), Rabbah vs Rav Yosef, R’ Zeira vs. Rabbah bar Rav Mattana vs. Abaye vs. Rava",16-Feb-2033
Menachot 35a,"Tacit Approval or Unaware? Tefillin Straps, Colored Wool, and the Limits of Inference from Silence",15-Feb-2026
Menachot 43b-44a,"Tzitzit, Tefillin, and Mezuza: The Power of Everyday Ritual Objects",23-Feb-2026
Menachot 53a-b,"Four Riddle-like Aggadic Statements and Their Interpretations By R’ Ezra, Grandson of R’ Eutolus",5-Mar-2026
Menachot 53a-b,"From ""Addir"" to ""Zeh"": Repetitive Riddles, Symbolic Wordplay, and Biblical Allusions in R’ Ezra’s Homilies",5-Mar-2026
Menachot 64b-65a,Three Talmudic Stories of Cryptic Statements by Commoners Correctly Interpreted by the Biblical Mordechai,16-Mar-2026
Menachot 85b,"The Galilean Oil Tycoon: The agent of Laodicea, the Farmer of Gush Ḥalav, and the Olive Oil Wealth of Asher’s Land",6-Apr-2026
Menachot 99b,Appendix - The prohibition to forget Torah,20-Apr-2026
Menachot 110a,Appendix - Torah Study as a Substitute for Temple Offerings,1-May-2026
Chullin 57b,Testing Traditions: R' Shimon ben Ḥalafta's Experiments on Birds and Ants,26-Jun-2026
Chullin 59b-60a,Gigantic Lion; Blinding Sun; Massive Meals; and God the Carpenter: Four Stories of R' Yehoshua ben Ḥananya’s Interactions With the Roman Emperor,28-Jun-2026
Chullin 60a-b,From Unicorns to Two-Spined Beasts: Talmudic Wonders of Creation,29-Jun-2026
Chullin 84a-b,"Meat, Moderation, and Means: ‘Derekh Eretz’, Dietary Restraint, Household Provisioning, and Economic Prudence",23-Jul-2026
Chullin 87a,Monotheism Defended: The Story of Rabbi Yehuda HaNasi Debating a Theistic Dualist,26-Jul-2026
Chullin 89a,Appendix - The Humility of Israel's Leaders vs. the Arrogance of Non-Jewish Kings,28-Jul-2026
Chullin 91a-b,Jacob in Genesis 28-32: Talmudic Homiletics on the Biblical Stories of Jacob's Ladder and Jacob’s Struggle With an Angel,30-Jul-2026
Chullin 92a,"Talmudic Typological Interpretations: Egyptian Butler's Dream in Genesis 40, Hosea’s Wife in Hosea 3, and Zechariah 11",31-Jul-2026
Chullin 105b-106a,From Sodomite Salt to Demonic Gutters: The Hidden Meanings Behind Talmudic Eating Practices,13-Aug-2026
Chullin 127a,"Beasts of Land and Sea: Talmudic Reflections on Animal Habitats, Crossbreeding, and the Infamy of Several Babylonian Towns",4-Sep-2026
Bekhorot 7b-8a,"Patterns in Animal and Plant Reproduction According to the Talmud, with Comparison With Modern Biological Scientific Knowledge",25-Sep-2026
Bekhorot 8b-9a,R’ Yehoshua ben Ḥananya’s Riddle Contest With the Athenian Philosophers,26-Sep-2026
Bekhorot 30b,"Appendix 2: Accepting Ḥaver Status—Requirements for Wives, Daughters, and Slaves Transitioning Between Am Ha’aretz and Ḥaver Households; From Tying Tefillin to Tying Tax Seals: The Husband's Decisive Role in His Wife's Behavior",18-Oct-2026
Bekhorot 45b,Appendix 3 - Avoiding “Like Marries Like” to Prevent Extreme Offspring,2-Nov-2026
Bekhorot 55a-b,"Biblical Rivers: The Origins, Course, and Names of the Jordan and Euphrates",12-Nov-2026
Bekhorot 57b,"Gigantic Lettuce Heads, Cedars, and Eggs: Extraordinary Testimonies from R' Yishmael ben Satriel",14-Nov-2026
Arakhin 15a-b,Appendix 2 - The Israelites’ Ten Trials of God in the Wilderness,2-Dec-2026
Arakhin 15b-16a,‘Lashon Hara’: Malicious Speech in the Talmud,2-Dec-2026
Temurah 15b,"Appendix - The Story of the Hasid Breastfeeding from the Goat - A Lesson in Piety, Sinning, and Following Communal Norms",4-Jan-2027
Temurah 16a,"Achsah, Othniel, and Jabez, and Allegories for Torah Study in Joshua 15 and I Chronicles 4",5-Jan-2027
Keritot 6a,The List of Ingredients in the Temple Incense: The ‘Ketoret’ Formula in Detail,28-Jan-2027
Keritot 28a-b = Pesachim 57a-b,"From Silken Hands to Severed Hands: The Four Cries of the Temple Courtyard, and the Sins and Eventual Downfall of the High Priest Yissakhar of Barkai",19-Feb-2027
Meilah 17a-b,"Debates and Miracles: Logic, Exorcism, and the Repeal of Roman Anti-Jewish Laws",7-Mar-2027
Tamid 29a-b,Hyperbole in the Bible and the Mishnah According to the Talmud - Six Sequential Examples,19-Mar-2027
Tamid 32a,"Alexander the Great’s Dialogue with the Elders of the Negev: Philosophical Insights on Creation, Life, and Power",22-Mar-2027
Tamid 32a-b,"The Talmudic Tales of Alexander the Great’s Adventures in Africa: The Mountains of Darkness, the City of Women, and the Waters of Eden",22-Mar-2027
Niddah 13a-b,“Adultery with the hand”: The Talmud on Masturbation and Guidelines for How Men Should Urinate and Check for Emissions,8-Apr-2027
Mishnah Niddah 2:5 = Niddah 17b,"Appendix 4 - Architectural Metaphor for Female Reproductive Anatomy: Room, Corridor, Upper story (=Uterus, Vagina, and Bladder)",12-Apr-2027
Niddah 24b-25a,"Healthy Bones, Biblical Giants, and The (Literal) Decline (in Height) of the Generations: The Grave Observations of Abba Shaul",19-Apr-2027
Niddah 31a-b,From Conception to Birth: Talmudic Perspectives on Fetal Development and Gender,26-Apr-2027
Niddah 36b-37a,"An Iron Pestle vs. a Copper Mortar: The Bitter Conflict between Sheila bar Avina and Rav Asi, Leading to Excommunication and Death",1-May-2027
Niddah 45a,The Ages of Female Sexual Maturity and Ability to Give Birth,10-May-2027
Niddah 47a,Appendix 2 - Amoraic Practices in Regards to their Female Slaves,12-May-2027
Niddah 47a-b,"Fig Metaphors and Female Development: Puberty, Maturity, and Majority",12-May-2027
Niddah 47b,Appendix 3 - The Definition of “Tyrian Courtyard” in the Context of Agricultural Tithes,12-May-2027
Niddah 70b-71a,"Aggadah, Folly, and Conduct: R’ Yehoshua ben Ḥanania’s Responses to the Alexandrians’ Questions",4-Jun-2027
